Workbook

Sheet 上季度FTP定价指引
A1: 孟月 | B1: 国有 | E1: 其他
B2: 1年期（含）以内 | C2: 1-3年期（含） | D2: 3年以上 | E2: 1年期（含）以内 | F2: 1-3年期（含） | G2: 3年以上
A3: 鼓励介入类 | B3: {R2C1} | C3: {R2C2} | D3: {R2C3} | E3: {R2C4} | F3: {R2C5} | G3: {R2C6}
A4: 适度支持类 | B4: {R3C1} | C4: {R3C2} | D4: {R3C3} | E4: {R3C4} | F4: {R3C5} | G4: {R3C6}
A5: 谨慎支持类 | B5: {R4C1} | C5: {R4C2} | D5: {R4C3} | E5: {R4C4} | F5: {R4C5} | G5: {R4C6}
A6: 仲月 | B6: 国有 | E6: 其他
B7: 1年期（含）以内 | C7: 1-3年期（含） | D7: 3年以上 | E7: 1年期（含）以内 | F7: 1-3年期（含） | G7: 3年以上
A8: 鼓励介入类 | B8: {R7C1} | C8: {R7C2} | D8: {R7C3} | E8: {R7C4} | F8: {R7C5} | G8: {R7C6}
A9: 适度支持类 | B9: {R8C1} | C9: {R8C2} | D9: {R8C3} | E9: {R8C4} | F9: {R8C5} | G9: {R8C6}
A10: 谨慎支持类 | B10: {R9C1} | C10: {R9C2} | D10: {R9C3} | E10: {R9C4} | F10: {R9C5} | G10: {R9C6}
A11: 季月 | B11: 国有 | E11: 其他
B12: 1年期（含）以内 | C12: 1-3年期（含） | D12: 3年以上 | E12: 1年期（含）以内 | F12: 1-3年期（含） | G12: 3年以上
A13: 鼓励介入类 | B13: {R12C1} | C13: {R12C2} | D13: {R12C3} | E13: {R12C4} | F13: {R12C5} | G13: {R12C6}
A14: 适度支持类 | B14: {R13C1} | C14: {R13C2} | D14: {R13C3} | E14: {R13C4} | F14: {R13C5} | G14: {R13C6}
A15: 谨慎支持类 | B15: {R14C1} | C15: {R14C2} | D15: {R14C3} | E15: {R14C4} | F15: {R14C5} | G15: {R14C6}
A16: 单位：%

Sheet 季度项目最低收益率定价指引
A1: 期限 | B1: 鼓励介入类 | E1: 适度支持类 | H1: 谨慎支持类 | K1: 均值 | N1: 客户主体计价
B2: 孟月 | C2: 仲月 | D2: 季月 | E2: 孟月 | F2: 仲月 | G2: 季月 | H2: 孟月 | I2: 仲月 | J2: 季月 | K2: 鼓励介入类 | L2: 适度支持类 | M2: 谨慎支持类 | N2: 国有企业 | O2: 民营上市企业 | P2: 民营非上市企业 | Q2: 其他类
A3: 1年内（含） | B3: =AVERAGE(上季度FTP定价指引!$B$3,上季度FTP定价指引!$E$3) -> #DIV/0! | C3: =AVERAGE(上季度FTP定价指引!$B$8,上季度FTP定价指引!$E$8) -> #DIV/0! | D3: =AVERAGE(上季度FTP定价指引!$B$13,上季度FTP定价指引!$E$13) -> #DIV/0! | E3: =AVERAGE(上季度FTP定价指引!$B$4,上季度FTP定价指引!$E$4) -> #DIV/0! | F3: =AVERAGE(上季度FTP定价指引!$B$9,上季度FTP定价指引!$E$9) -> #DIV/0! | G3: =AVERAGE(上季度FTP定价指引!$B$14,上季度FTP定价指引!$E$14) -> #DIV/0! | H3: =AVERAGE(上季度FTP定价指引!$B$5,上季度FTP定价指引!$E$5) -> #DIV/0! | I3: =AVERAGE(上季度FTP定价指引!$B$10,上季度FTP定价指引!$E$10) -> #DIV/0! | J3: =AVERAGE(上季度FTP定价指引!$B$15,上季度FTP定价指引!$E$15) -> #DIV/0! | K3: =AVERAGE(B3:D3) -> #DIV/0! | L3: =AVERAGE(E3:G3) -> #DIV/0! | M3: =AVERAGE(H3:J3) -> #DIV/0! | N3: {R2C13} | O3: {R2C14} | P3: {R2C15} | Q3: {R2C16}
A4: 1-3年（含） | B4: =AVERAGE(上季度FTP定价指引!$C$3,上季度FTP定价指引!$F$3) -> #DIV/0! | C4: =AVERAGE(上季度FTP定价指引!$C$8,上季度FTP定价指引!$F$8) -> #DIV/0! | D4: =AVERAGE(上季度FTP定价指引!$C$13,上季度FTP定价指引!$F$13) -> #DIV/0! | E4: =AVERAGE(上季度FTP定价指引!$C$4,上季度FTP定价指引!$F$4) -> #DIV/0! | F4: =AVERAGE(上季度FTP定价指引!$C$9,上季度FTP定价指引!$F$9) -> #DIV/0! | G4: =AVERAGE(上季度FTP定价指引!$C$14,上季度FTP定价指引!$F$14) -> #DIV/0! | H4: =AVERAGE(上季度FTP定价指引!$C$5,上季度FTP定价指引!$F$5) -> #DIV/0! | I4: =AVERAGE(上季度FTP定价指引!$C$10,上季度FTP定价指引!$F$10) -> #DIV/0! | J4: =AVERAGE(上季度FTP定价指引!$C$15,上季度FTP定价指引!$F$15) -> #DIV/0! | K4: =AVERAGE(B4:D4) -> #DIV/0! | L4: =AVERAGE(E4:G4) -> #DIV/0! | M4: =AVERAGE(H4:J4) -> #DIV/0! | N4: {R3C13} | O4: {R3C14} | P4: {R3C15} | Q4: {R3C16}
A5: 3-5年（含） | B5: =AVERAGE(上季度FTP定价指引!$D$3,上季度FTP定价指引!$G$3) -> #DIV/0! | C5: =AVERAGE(上季度FTP定价指引!$D$8,上季度FTP定价指引!$G$8) -> #DIV/0! | D5: =AVERAGE(上季度FTP定价指引!$D$13,上季度FTP定价指引!$G$13) -> #DIV/0! | E5: =AVERAGE(上季度FTP定价指引!$D$4,上季度FTP定价指引!$G$4) -> #DIV/0! | F5: =AVERAGE(上季度FTP定价指引!$D$9,上季度FTP定价指引!$G$9) -> #DIV/0! | G5: =AVERAGE(上季度FTP定价指引!$D$14,上季度FTP定价指引!$G$14) -> #DIV/0! | H5: =AVERAGE(上季度FTP定价指引!$D$5,上季度FTP定价指引!$G$5) -> #DIV/0! | I5: =AVERAGE(上季度FTP定价指引!$D$10,上季度FTP定价指引!$G$10) -> #DIV/0! | J5: =AVERAGE(上季度FTP定价指引!$D$15,上季度FTP定价指引!$G$15) -> #DIV/0! | K5: =AVERAGE(B5:D5) -> #DIV/0! | L5: =AVERAGE(E5:G5) -> #DIV/0! | M5: =AVERAGE(H5:J5) -> #DIV/0! | N5: {R4C13} | O5: {R4C14} | P5: {R4C15} | Q5: {R4C16}
A6: 单位：%
A10: 项目分类 | B10: 鼓励介入类 | E10: 适度支持类 | H10: 谨慎支持类
A11: 企业性质 | B11: 1年期（含）以内 | C11: 1-3年期（含） | D11: 3年以上 | E11: 1年期（含）以内 | F11: 1-3年期（含） | G11: 3年以上 | H11: 一年期（含）以内 | I11: 1-3年期（含） | J11: 3年以上
A12: 国有企业 | B12: =$K$3+$N$3 -> #DIV/0! | C12: =$K$4+$N$4 -> #DIV/0! | D12: =$K$5+$N$5 -> #DIV/0! | E12: =$L$3+$N$3 -> #DIV/0! | F12: =$L$4+$N$4 -> #DIV/0! | G12: =$L$5+$N$5 -> #DIV/0! | H12: =$M$3+$N$3 -> #DIV/0! | I12: =$M$4+$N$4 -> #DIV/0! | J12: =$M$5+$N$5 -> #DIV/0!
A13: 民营上市企业 | B13: =$K$3+$O$3 -> #DIV/0! | C13: =$K$4+$O$4 -> #DIV/0! | D13: =$K$5+$O$5 -> #DIV/0! | E13: =$L$3+$O$3 -> #DIV/0! | F13: =$L$4+$O$4 -> #DIV/0! | G13: =$L$5+$O$5 -> #DIV/0! | H13: =$M$3+$O$3 -> #DIV/0! | I13: =$M$4+$O$4 -> #DIV/0! | J13: =$M$5+$O$5 -> #DIV/0!
A14: 民营非上市企业 | B14: =$K$3+$P$3 -> #DIV/0! | C14: =$K$4+$P$4 -> #DIV/0! | D14: =$K$5+$P$5 -> #DIV/0! | E14: =$L$3+$P$3 -> #DIV/0! | F14: =$L$4+$P$4 -> #DIV/0! | G14: =$L$5+$P$5 -> #DIV/0! | H14: =$M$3+$P$3 -> #DIV/0! | I14: =$M$4+$P$4 -> #DIV/0! | J14: =$M$5+$P$5 -> #DIV/0!
A15: 其他小微企业 | B15: =$K$3+$Q$3 -> #DIV/0! | C15: =$K$4+$Q$4 -> #DIV/0! | D15: =$K$5+$Q$5 -> #DIV/0! | E15: =$L$3+$Q$3 -> #DIV/0! | F15: =$L$4+$Q$4 -> #DIV/0! | G15: =$L$5+$Q$5 -> #DIV/0! | H15: =$M$3+$Q$3 -> #DIV/0! | I15: =$M$4+$Q$4 -> #DIV/0! | J15: =$M$5+$Q$5 -> #DIV/0!
A16: 单位：%

Sheet 包含公示的单元格已用有色标注,无需进行编辑
